"GHO (CODE)","GHO_DISPLAY","GHO (URL)","PUBLISHSTATE (CODE)","PUBLISHSTATE (DISPLAY)","PUBLISHSTATE (URL)","YEAR","YEAR (DISPLAY)","YEAR (URL)","REGION (CODE)","REGION (DISPLAY)","REGION (URL)","COUNTRY_CODE","COUNTRY (DISPLAY)","COUNTRY (URL)","Display Value","Number_Beds","Low","High","StdErr","StdDev","Comments"
"MH_16","Beds in mental hospitals (per 100 000 population)","https://www.who.int/data/gho/indicator-metadata-registry/imr-details/2965","PUBLISHED","Published","","2016","2016","","EMR","Eastern Mediterranean","","AFG","Afghanistan","","0.296","0.29641","","","","",""
"MH_13","Beds for mental health in general hospitals (per 100 000 population)","https://www.who.int/data/gho/indicator-metadata-registry/imr-details/2962","PUBLISHED","Published","","2016","2016","","EMR","Eastern Mediterranean","","AFG","Afghanistan","","0.296","0.29641","","","","",""
"MH_16","Beds in mental hospitals (per 100 000 population)","https://www.who.int/data/gho/indicator-metadata-registry/imr-details/2965","PUBLISHED","Published","","2016","2016","","EUR","Europe","","ALB","Albania","","16.762","16.76158","","","","",""
"MH_13","Beds for mental health in general hospitals (per 100 000 population)","https://www.who.int/data/gho/indicator-metadata-registry/imr-details/2962","PUBLISHED","Published","","2016","2016","","EUR","Europe","","ALB","Albania","","4.276","4.27591","","","","",""
"MH_15","Beds in community residential facilities (per 100 000 population)","https://www.who.int/data/gho/indicator-metadata-registry/imr-details/2964","PUBLISHED","Published","","2016","2016","","EUR","Europe","","ALB","Albania","","4.584","4.58378","","","","",""
"MH_16","Beds in mental hospitals (per 100 000 population)","https://www.who.int/data/gho/indicator-metadata-registry/imr-details/2965","PUBLISHED","Published","","2016","2016","","AFR","Africa","","DZA","Algeria","","10.456","10.45608","","","","",""
"MH_13","Beds for mental health in general hospitals (per 100 000 population)","https://www.who.int/data/gho/indicator-metadata-registry/imr-details/2962","PUBLISHED","Published","","2016","2016","","AFR","Africa","","DZA","Algeria","","1.507","1.50734","","","","",""
"MH_16","Beds in mental hospitals (per 100 000 population)","https://www.who.int/data/gho/indicator-metadata-registry/imr-details/2965","PUBLISHED","Published","","2016","2016","","AFR","Africa","","AGO","Angola","","0.585","0.58508","","","","",""
"MH_13","Beds for mental health in general hospitals (per 100 000 population)","https://www.who.int/data/gho/indicator-metadata-registry/imr-details/2962","PUBLISHED","Published","","2016","2016","","AFR","Africa","","AGO","Angola","","0.187","0.18665","","","","",""
"MH_15","Beds in community residential facilities (per 100 000 population)","https://www.who.int/data/gho/indicator-metadata-registry/imr-details/2964","PUBLISHED","Published","","2016","2016","","AFR","Africa","","AGO","Angola","","0.337","0.33741","","","","",""
"MH_16","Beds in mental hospitals (per 100 000 population)","https://www.who.int/data/gho/indicator-metadata-registry/imr-details/2965","PUBLISHED","Published","","2016","2016","","AMR","Americas","","ATG","Antigua and Barbuda","","136.105","136.10480","","","","",""
"MH_16","Beds in mental hospitals (per 100 000 population)","https://www.who.int/data/gho/indicator-metadata-registry/imr-details/2965","PUBLISHED","Published","","2016","2016","","AMR","Americas","","ARG","Argentina","","40.566","40.56634","","","","",""
"MH_13","Beds for mental health in general hospitals (per 100 000 population)","https://www.who.int/data/gho/indicator-metadata-registry/imr-details/2962","PUBLISHED","Published","","2016","2016","","AMR","Americas","","ARG","Argentina","","2.718","2.71778","","","","",""
"MH_13","Beds for mental health in general hospitals (per 100 000 population)","https://www.who.int/data/gho/indicator-metadata-registry/imr-details/2962","PUBLISHED","Published","","2016","2016","","EUR","Europe","","ARM","Armenia","","1.714","1.71412","","","","",""
"MH_16","Beds in mental hospitals (per 100 000 population)","https://www.who.int/data/gho/indicator-metadata-registry/imr-details/2965","PUBLISHED","Published","","2015","2015","","WPR","Western Pacific","","AUS","Australia","","7.214","7.21442","","","","",""
"MH_13","Beds for mental health in general hospitals (per 100 000 population)","https://www.who.int/data/gho/indicator-metadata-registry/imr-details/2962","PUBLISHED","Published","","2015","2015","","WPR","Western Pacific","","AUS","Australia","","21.761","21.76091","","","","",""
"MH_15","Beds in community residential facilities (per 100 000 population)","https://www.who.int/data/gho/indicator-metadata-registry/imr-details/2964","PUBLISHED","Published","","2015","2015","","WPR","Western Pacific","","AUS","Australia","","10.383","10.38255","","","","",""
"MH_16","Beds in mental hospitals (per 100 000 population)","https://www.who.int/data/gho/indicator-metadata-registry/imr-details/2965","PUBLISHED","Published","","2015","2015","","EUR","Europe","","AUT","Austria","","26.087","26.08699","","","","",""
"MH_13","Beds for mental health in general hospitals (per 100 000 population)","https://www.who.int/data/gho/indicator-metadata-registry/imr-details/2962","PUBLISHED","Published","","2015","2015","","EUR","Europe","","AUT","Austria","","19.485","19.48458","","","","",""
"MH_15","Beds in community residential facilities (per 100 000 population)","https://www.who.int/data/gho/indicator-metadata-registry/imr-details/2964","PUBLISHED","Published","","2015","2015","","EUR","Europe","","AUT","Austria","","59.664","59.66361","","","","",""
"MH_16","Beds in mental hospitals (per 100 000 population)","https://www.who.int/data/gho/indicator-metadata-registry/imr-details/2965","PUBLISHED","Published","","2016","2016","","EUR","Europe","","AZE","Azerbaijan","","31.193","31.19319","","","","",""
"MH_13","Beds for mental health in general hospitals (per 100 000 population)","https://www.who.int/data/gho/indicator-metadata-registry/imr-details/2962","PUBLISHED","Published","","2016","2016","","EUR","Europe","","AZE","Azerbaijan","","0.416","0.41591","","","","",""
"MH_15","Beds in community residential facilities (per 100 000 population)","https://www.who.int/data/gho/indicator-metadata-registry/imr-details/2964","PUBLISHED","Published","","2016","2016","","EUR","Europe","","AZE","Azerbaijan","","2.911","2.91136","","","","",""
"MH_16","Beds in mental hospitals (per 100 000 population)","https://www.who.int/data/gho/indicator-metadata-registry/imr-details/2965","PUBLISHED","Published","","2015","2015","","AMR","Americas","","BHS","Bahamas","","97.457","97.45682","","","","",""
"MH_13","Beds for mental health in general hospitals (per 100 000 population)","https://www.who.int/data/gho/indicator-metadata-registry/imr-details/2962","PUBLISHED","Published","","2015","2015","","AMR","Americas","","BHS","Bahamas","","3.102","3.10207","","","","",""
"MH_16","Beds in mental hospitals (per 100 000 population)","https://www.who.int/data/gho/indicator-metadata-registry/imr-details/2965","PUBLISHED","Published","","2017","2017","","EMR","Eastern Mediterranean","","BHR","Bahrain","","19.317","19.31691","","","","",""
"MH_15","Beds in community residential facilities (per 100 000 population)","https://www.who.int/data/gho/indicator-metadata-registry/imr-details/2964","PUBLISHED","Published","","2017","2017","","EMR","Eastern Mediterranean","","BHR","Bahrain","","1.093","1.09341","","","","",""
"MH_16","Beds in mental hospitals (per 100 000 population)","https://www.who.int/data/gho/indicator-metadata-registry/imr-details/2965","PUBLISHED","Published","","2016","2016","","SEAR","South-East Asia","","BGD","Bangladesh","","0.434","0.43424","","","","",""
"MH_13","Beds for mental health in general hospitals (per 100 000 population)","https://www.who.int/data/gho/indicator-metadata-registry/imr-details/2962","PUBLISHED","Published","","2016","2016","","SEAR","South-East Asia","","BGD","Bangladesh","","0.315","0.31451","","","","",""
"MH_15","Beds in community residential facilities (per 100 000 population)","https://www.who.int/data/gho/indicator-metadata-registry/imr-details/2964","PUBLISHED","Published","","2016","2016","","SEAR","South-East Asia","","BGD","Bangladesh","","2.236","2.23572","","","","",""
"MH_16","Beds in mental hospitals (per 100 000 population)","https://www.who.int/data/gho/indicator-metadata-registry/imr-details/2965","PUBLISHED","Published","","2015","2015","","AMR","Americas","","BRB","Barbados","","184.014","184.01433","","","","",""
"MH_13","Beds for mental health in general hospitals (per 100 000 population)","https://www.who.int/data/gho/indicator-metadata-registry/imr-details/2962","PUBLISHED","Published","","2015","2015","","AMR","Americas","","BRB","Barbados","","4.222","4.22213","","","","",""
"MH_15","Beds in community residential facilities (per 100 000 population)","https://www.who.int/data/gho/indicator-metadata-registry/imr-details/2964","PUBLISHED","Published","","2015","2015","","AMR","Americas","","BRB","Barbados","","17.592","17.59219","","","","",""
"MH_16","Beds in mental hospitals (per 100 000 population)","https://www.who.int/data/gho/indicator-metadata-registry/imr-details/2965","PUBLISHED","Published","","2016","2016","","EUR","Europe","","BLR","Belarus","","57.349","57.34905","","","","",""
"MH_13","Beds for mental health in general hospitals (per 100 000 population)","https://www.who.int/data/gho/indicator-metadata-registry/imr-details/2962","PUBLISHED","Published","","2016","2016","","EUR","Europe","","BLR","Belarus","","3.215","3.21534","","","","",""
"MH_16","Beds in mental hospitals (per 100 000 population)","https://www.who.int/data/gho/indicator-metadata-registry/imr-details/2965","PUBLISHED","Published","","2013","2013","","EUR","Europe","","BEL","Belgium","","98.884","98.88430","","","","",""
"MH_13","Beds for mental health in general hospitals (per 100 000 population)","https://www.who.int/data/gho/indicator-metadata-registry/imr-details/2962","PUBLISHED","Published","","2013","2013","","EUR","Europe","","BEL","Belgium","","22.706","22.70565","","","","",""
"MH_15","Beds in community residential facilities (per 100 000 population)","https://www.who.int/data/gho/indicator-metadata-registry/imr-details/2964","PUBLISHED","Published","","2013","2013","","EUR","Europe","","BEL","Belgium","","65.362","65.36179","","","","",""
"MH_13","Beds for mental health in general hospitals (per 100 000 population)","https://www.who.int/data/gho/indicator-metadata-registry/imr-details/2962","PUBLISHED","Published","","2016","2016","","AMR","Americas","","BLZ","Belize","","4.453","4.45325","","","","",""
"MH_15","Beds in community residential facilities (per 100 000 population)","https://www.who.int/data/gho/indicator-metadata-registry/imr-details/2964","PUBLISHED","Published","","2016","2016","","AMR","Americas","","BLZ","Belize","","11.690","11.68979","","","","",""
"MH_13","Beds for mental health in general hospitals (per 100 000 population)","https://www.who.int/data/gho/indicator-metadata-registry/imr-details/2962","PUBLISHED","Published","","2016","2016","","SEAR","South-East Asia","","BTN","Bhutan","","1.270","1.27003","","","","",""
"MH_16","Beds in mental hospitals (per 100 000 population)","https://www.who.int/data/gho/indicator-metadata-registry/imr-details/2965","PUBLISHED","Published","","2015","2015","","EUR","Europe","","BIH","Bosnia and Herzegovina","","13.744","13.74450","","","","",""
"MH_13","Beds for mental health in general hospitals (per 100 000 population)","https://www.who.int/data/gho/indicator-metadata-registry/imr-details/2962","PUBLISHED","Published","","2015","2015","","EUR","Europe","","BIH","Bosnia and Herzegovina","","23.360","23.35999","","","","",""
"MH_16","Beds in mental hospitals (per 100 000 population)","https://www.who.int/data/gho/indicator-metadata-registry/imr-details/2965","PUBLISHED","Published","","2017","2017","","AFR","Africa","","BWA","Botswana","","13.580","13.57959","","","","",""
"MH_13","Beds for mental health in general hospitals (per 100 000 population)","https://www.who.int/data/gho/indicator-metadata-registry/imr-details/2962","PUBLISHED","Published","","2017","2017","","AFR","Africa","","BWA","Botswana","","3.485","3.48543","","","","",""
"MH_16","Beds in mental hospitals (per 100 000 population)","https://www.who.int/data/gho/indicator-metadata-registry/imr-details/2965","PUBLISHED","Published","","2016","2016","","AMR","Americas","","BRA","Brazil","","9.792","9.79209","","","","",""
"MH_13","Beds for mental health in general hospitals (per 100 000 population)","https://www.who.int/data/gho/indicator-metadata-registry/imr-details/2962","PUBLISHED","Published","","2016","2016","","AMR","Americas","","BRA","Brazil","","0.565","0.56467","","","","",""
"MH_15","Beds in community residential facilities (per 100 000 population)","https://www.who.int/data/gho/indicator-metadata-registry/imr-details/2964","PUBLISHED","Published","","2016","2016","","AMR","Americas","","BRA","Brazil","","1.967","1.96735","","","","",""
"MH_16","Beds in mental hospitals (per 100 000 population)","https://www.who.int/data/gho/indicator-metadata-registry/imr-details/2965","PUBLISHED","Published","","2016","2016","","WPR","Western Pacific","","BRN","Brunei Darussalam","","0.000","0.00000","","","","",""
"MH_13","Beds for mental health in general hospitals (per 100 000 population)","https://www.who.int/data/gho/indicator-metadata-registry/imr-details/2962","PUBLISHED","Published","","2016","2016","","WPR","Western Pacific","","BRN","Brunei Darussalam","","8.382","8.38239","","","","",""
"MH_15","Beds in community residential facilities (per 100 000 population)","https://www.who.int/data/gho/indicator-metadata-registry/imr-details/2964","PUBLISHED","Published","","2016","2016","","WPR","Western Pacific","","BRN","Brunei Darussalam","","2.874","2.87396","","","","",""
"MH_16","Beds in mental hospitals (per 100 000 population)","https://www.who.int/data/gho/indicator-metadata-registry/imr-details/2965","PUBLISHED","Published","","2016","2016","","EUR","Europe","","BGR","Bulgaria","","33.201","33.20146","","","","",""
"MH_13","Beds for mental health in general hospitals (per 100 000 population)","https://www.who.int/data/gho/indicator-metadata-registry/imr-details/2962","PUBLISHED","Published","","2016","2016","","EUR","Europe","","BGR","Bulgaria","","13.807","13.80724","","","","",""
"MH_15","Beds in community residential facilities (per 100 000 population)","https://www.who.int/data/gho/indicator-metadata-registry/imr-details/2964","PUBLISHED","Published","","2016","2016","","EUR","Europe","","BGR","Bulgaria","","13.933","13.93263","","","","",""
"MH_16","Beds in mental hospitals (per 100 000 population)","https://www.who.int/data/gho/indicator-metadata-registry/imr-details/2965","PUBLISHED","Published","","2016","2016","","AFR","Africa","","BFA","Burkina Faso","","0.000","0.00000","","","","",""
"MH_13","Beds for mental health in general hospitals (per 100 000 population)","https://www.who.int/data/gho/indicator-metadata-registry/imr-details/2962","PUBLISHED","Published","","2016","2016","","AFR","Africa","","BFA","Burkina Faso","","0.668","0.66812","","","","",""
"MH_16","Beds in mental hospitals (per 100 000 population)","https://www.who.int/data/gho/indicator-metadata-registry/imr-details/2965","PUBLISHED","Published","","2017","2017","","AFR","Africa","","BDI","Burundi","","1.382","1.38245","","","","",""
"MH_13","Beds for mental health in general hospitals (per 100 000 population)","https://www.who.int/data/gho/indicator-metadata-registry/imr-details/2962","PUBLISHED","Published","","2016","2016","","WPR","Western Pacific","","KHM","Cambodia","","0.032","0.03222","","","","",""
"MH_16","Beds in mental hospitals (per 100 000 population)","https://www.who.int/data/gho/indicator-metadata-registry/imr-details/2965","PUBLISHED","Published","","2017","2017","","AMR","Americas","","CAN","Canada","","11.092","11.09192","","","","",""
"MH_13","Beds for mental health in general hospitals (per 100 000 population)","https://www.who.int/data/gho/indicator-metadata-registry/imr-details/2962","PUBLISHED","Published","","2017","2017","","AMR","Americas","","CAN","Canada","","14.497","14.49715","","","","",""
"MH_13","Beds for mental health in general hospitals (per 100 000 population)","https://www.who.int/data/gho/indicator-metadata-registry/imr-details/2962","PUBLISHED","Published","","2017","2017","","AFR","Africa","","CPV","Cabo Verde","","10.133","10.13299","","","","",""
"MH_13","Beds for mental health in general hospitals (per 100 000 population)","https://www.who.int/data/gho/indicator-metadata-registry/imr-details/2962","PUBLISHED","Published","","2017","2017","","AFR","Africa","","CAF","Central African Republic","","0.528","0.52793","","","","",""
"MH_13","Beds for mental health in general hospitals (per 100 000 population)","https://www.who.int/data/gho/indicator-metadata-registry/imr-details/2962","PUBLISHED","Published","","2016","2016","","AFR","Africa","","TCD","Chad","","0.014","0.01428","","","","",""
"MH_16","Beds in mental hospitals (per 100 000 population)","https://www.who.int/data/gho/indicator-metadata-registry/imr-details/2965","PUBLISHED","Published","","2016","2016","","AMR","Americas","","CHL","Chile","","3.125","3.12453","","","","",""
"MH_13","Beds for mental health in general hospitals (per 100 000 population)","https://www.who.int/data/gho/indicator-metadata-registry/imr-details/2962","PUBLISHED","Published","","2016","2016","","AMR","Americas","","CHL","Chile","","5.241","5.24133","","","","",""
"MH_15","Beds in community residential facilities (per 100 000 population)","https://www.who.int/data/gho/indicator-metadata-registry/imr-details/2964","PUBLISHED","Published","","2016","2016","","AMR","Americas","","CHL","Chile","","10.055","10.05479","","","","",""
"MH_16","Beds in mental hospitals (per 100 000 population)","https://www.who.int/data/gho/indicator-metadata-registry/imr-details/2965","PUBLISHED","Published","","2015","2015","","WPR","Western Pacific","","CHN","China","","24.288","24.28769","","","","",""
"MH_13","Beds for mental health in general hospitals (per 100 000 population)","https://www.who.int/data/gho/indicator-metadata-registry/imr-details/2962","PUBLISHED","Published","","2016","2016","","AMR","Americas","","COL","Colombia","","0.000","0.00000","","","","",""
"MH_13","Beds for mental health in general hospitals (per 100 000 population)","https://www.who.int/data/gho/indicator-metadata-registry/imr-details/2962","PUBLISHED","Published","","2017","2017","","AFR","Africa","","COM","Comoros","","0.772","0.77178","","","","",""
"MH_13","Beds for mental health in general hospitals (per 100 000 population)","https://www.who.int/data/gho/indicator-metadata-registry/imr-details/2962","PUBLISHED","Published","","2016","2016","","AFR","Africa","","COG","Congo","","1.001","1.00087","","","","",""
"MH_15","Beds in community residential facilities (per 100 000 population)","https://www.who.int/data/gho/indicator-metadata-registry/imr-details/2964","PUBLISHED","Published","","2016","2016","","WPR","Western Pacific","","COK","Cook Islands","","11.462","11.46197","","","","",""
"MH_16","Beds in mental hospitals (per 100 000 population)","https://www.who.int/data/gho/indicator-metadata-registry/imr-details/2965","PUBLISHED","Published","","2016","2016","","AMR","Americas","","CRI","Costa Rica","","16.743","16.74344","","","","",""
"MH_13","Beds for mental health in general hospitals (per 100 000 population)","https://www.who.int/data/gho/indicator-metadata-registry/imr-details/2962","PUBLISHED","Published","","2016","2016","","AMR","Americas","","CRI","Costa Rica","","0.790","0.79037","","","","",""
"MH_15","Beds in community residential facilities (per 100 000 population)","https://www.who.int/data/gho/indicator-metadata-registry/imr-details/2964","PUBLISHED","Published","","2016","2016","","AMR","Americas","","CRI","Costa Rica","","1.872","1.87194","","","","",""
"MH_15","Beds in community residential facilities (per 100 000 population)","https://www.who.int/data/gho/indicator-metadata-registry/imr-details/2964","PUBLISHED","Published","","2016","2016","","AFR","Africa","","CIV","CÃ´te d'Ivoire","","0.000","0.00000","","","","",""
"MH_16","Beds in mental hospitals (per 100 000 population)","https://www.who.int/data/gho/indicator-metadata-registry/imr-details/2965","PUBLISHED","Published","","2016","2016","","EUR","Europe","","HRV","Croatia","","75.354","75.35411","","","","",""
"MH_13","Beds for mental health in general hospitals (per 100 000 population)","https://www.who.int/data/gho/indicator-metadata-registry/imr-details/2962","PUBLISHED","Published","","2016","2016","","EUR","Europe","","HRV","Croatia","","16.501","16.50142","","","","",""
"MH_16","Beds in mental hospitals (per 100 000 population)","https://www.who.int/data/gho/indicator-metadata-registry/imr-details/2965","PUBLISHED","Published","","2016","2016","","AMR","Americas","","CUB","Cuba","","43.223","43.22322","","","","",""
"MH_13","Beds for mental health in general hospitals (per 100 000 population)","https://www.who.int/data/gho/indicator-metadata-registry/imr-details/2962","PUBLISHED","Published","","2016","2016","","AMR","Americas","","CUB","Cuba","","42.691","42.69100","","","","",""
"MH_16","Beds in mental hospitals (per 100 000 population)","https://www.who.int/data/gho/indicator-metadata-registry/imr-details/2965","PUBLISHED","Published","","2015","2015","","EUR","Europe","","CYP","Cyprus","","11.370","11.36966","","","","",""
"MH_13","Beds for mental health in general hospitals (per 100 000 population)","https://www.who.int/data/gho/indicator-metadata-registry/imr-details/2962","PUBLISHED","Published","","2015","2015","","EUR","Europe","","CYP","Cyprus","","3.445","3.44535","","","","",""
"MH_16","Beds in mental hospitals (per 100 000 population)","https://www.who.int/data/gho/indicator-metadata-registry/imr-details/2965","PUBLISHED","Published","","2015","2015","","EUR","Europe","","CZE","Czechia","","80.943","80.94297","","","","",""
"MH_13","Beds for mental health in general hospitals (per 100 000 population)","https://www.who.int/data/gho/indicator-metadata-registry/imr-details/2962","PUBLISHED","Published","","2015","2015","","EUR","Europe","","CZE","Czechia","","12.335","12.33524","","","","",""
"MH_16","Beds in mental hospitals (per 100 000 population)","https://www.who.int/data/gho/indicator-metadata-registry/imr-details/2965","PUBLISHED","Published","","2016","2016","","EUR","Europe","","DNK","Denmark","","51.594","51.59356","","","","",""
"MH_13","Beds for mental health in general hospitals (per 100 000 population)","https://www.who.int/data/gho/indicator-metadata-registry/imr-details/2962","PUBLISHED","Published","","2016","2016","","AMR","Americas","","DOM","Dominican Republic","","0.541","0.54139","","","","",""
"MH_16","Beds in mental hospitals (per 100 000 population)","https://www.who.int/data/gho/indicator-metadata-registry/imr-details/2965","PUBLISHED","Published","","2016","2016","","AMR","Americas","","ECU","Ecuador","","0.811","0.81143","","","","",""
"MH_16","Beds in mental hospitals (per 100 000 population)","https://www.who.int/data/gho/indicator-metadata-registry/imr-details/2965","PUBLISHED","Published","","2016","2016","","EMR","Eastern Mediterranean","","EGY","Egypt","","7.038","7.03789","","","","",""
"MH_13","Beds for mental health in general hospitals (per 100 000 population)","https://www.who.int/data/gho/indicator-metadata-registry/imr-details/2962","PUBLISHED","Published","","2016","2016","","EMR","Eastern Mediterranean","","EGY","Egypt","","0.038","0.03839","","","","",""
"MH_16","Beds in mental hospitals (per 100 000 population)","https://www.who.int/data/gho/indicator-metadata-registry/imr-details/2965","PUBLISHED","Published","","2016","2016","","AMR","Americas","","SLV","El Salvador","","5.687","5.68715","","","","",""
"MH_13","Beds for mental health in general hospitals (per 100 000 population)","https://www.who.int/data/gho/indicator-metadata-registry/imr-details/2962","PUBLISHED","Published","","2016","2016","","AMR","Americas","","SLV","El Salvador","","0.253","0.25347","","","","",""
"MH_16","Beds in mental hospitals (per 100 000 population)","https://www.who.int/data/gho/indicator-metadata-registry/imr-details/2965","PUBLISHED","Published","","2017","2017","","AFR","Africa","","GNQ","Equatorial Guinea","","19.398","19.39783","","","","",""
"MH_16","Beds in mental hospitals (per 100 000 population)","https://www.who.int/data/gho/indicator-metadata-registry/imr-details/2965","PUBLISHED","Published","","2016","2016","","AFR","Africa","","ERI","Eritrea","","4.126","4.12628","","","","",""
"MH_13","Beds for mental health in general hospitals (per 100 000 population)","https://www.who.int/data/gho/indicator-metadata-registry/imr-details/2962","PUBLISHED","Published","","2016","2016","","AFR","Africa","","ERI","Eritrea","","0.413","0.41263","","","","",""
"MH_16","Beds in mental hospitals (per 100 000 population)","https://www.who.int/data/gho/indicator-metadata-registry/imr-details/2965","PUBLISHED","Published","","2016","2016","","EUR","Europe","","EST","Estonia","","8.740","8.74000","","","","",""
"MH_13","Beds for mental health in general hospitals (per 100 000 population)","https://www.who.int/data/gho/indicator-metadata-registry/imr-details/2962","PUBLISHED","Published","","2016","2016","","EUR","Europe","","EST","Estonia","","58.444","58.44398","","","","",""
"MH_15","Beds in community residential facilities (per 100 000 population)","https://www.who.int/data/gho/indicator-metadata-registry/imr-details/2964","PUBLISHED","Published","","2016","2016","","EUR","Europe","","EST","Estonia","","20.444","20.44399","","","","",""
"MH_16","Beds in mental hospitals (per 100 000 population)","https://www.who.int/data/gho/indicator-metadata-registry/imr-details/2965","PUBLISHED","Published","","2017","2017","","AFR","Africa","","ETH","Ethiopia","","0.975","0.97524","","","","",""
"MH_16","Beds in mental hospitals (per 100 000 population)","https://www.who.int/data/gho/indicator-metadata-registry/imr-details/2965","PUBLISHED","Published","","2016","2016","","WPR","Western Pacific","","FJI","Fiji","","11.209","11.20889","","","","",""
"MH_13","Beds for mental health in general hospitals (per 100 000 population)","https://www.who.int/data/gho/indicator-metadata-registry/imr-details/2962","PUBLISHED","Published","","2016","2016","","WPR","Western Pacific","","FJI","Fiji","","2.354","2.35387","","","","",""
"MH_13","Beds for mental health in general hospitals (per 100 000 population)","https://www.who.int/data/gho/indicator-metadata-registry/imr-details/2962","PUBLISHED","Published","","2017","2017","","EUR","Europe","","FIN","Finland","","47.702","47.70186","","","","",""
"MH_15","Beds in community residential facilities (per 100 000 population)","https://www.who.int/data/gho/indicator-metadata-registry/imr-details/2964","PUBLISHED","Published","","2017","2017","","EUR","Europe","","FIN","Finland","","79.132","79.13219","","","","",""
"MH_16","Beds in mental hospitals (per 100 000 population)","https://www.who.int/data/gho/indicator-metadata-registry/imr-details/2965","PUBLISHED","Published","","2017","2017","","EUR","Europe","","FRA","France","","6.981","6.98138","","","","",""
"MH_13","Beds for mental health in general hospitals (per 100 000 population)","https://www.who.int/data/gho/indicator-metadata-registry/imr-details/2962","PUBLISHED","Published","","2017","2017","","EUR","Europe","","FRA","France","","22.340","22.34041","","","","",""
"MH_15","Beds in community residential facilities (per 100 000 population)","https://www.who.int/data/gho/indicator-metadata-registry/imr-details/2964","PUBLISHED","Published","","2017","2017","","EUR","Europe","","FRA","France","","92.154","92.15417","","","","",""
"MH_16","Beds in mental hospitals (per 100 000 population)","https://www.who.int/data/gho/indicator-metadata-registry/imr-details/2965","PUBLISHED","Published","","2016","2016","","AFR","Africa","","GAB","Gabon","","6.217","6.21705","","","","",""
"MH_16","Beds in mental hospitals (per 100 000 population)","https://www.who.int/data/gho/indicator-metadata-registry/imr-details/2965","PUBLISHED","Published","","2016","2016","","EUR","Europe","","GEO","Georgia","","36.720","36.72001","","","","",""
"MH_13","Beds for mental health in general hospitals (per 100 000 population)","https://www.who.int/data/gho/indicator-metadata-registry/imr-details/2962","PUBLISHED","Published","","2016","2016","","EUR","Europe","","GEO","Georgia","","2.531","2.53067","","","","",""
"MH_16","Beds in mental hospitals (per 100 000 population)","https://www.who.int/data/gho/indicator-metadata-registry/imr-details/2965","PUBLISHED","Published","","2015","2015","","EUR","Europe","","DEU","Germany","","55.697","55.69726","","","","",""
"MH_13","Beds for mental health in general hospitals (per 100 000 population)","https://www.who.int/data/gho/indicator-metadata-registry/imr-details/2962","PUBLISHED","Published","","2015","2015","","EUR","Europe","","DEU","Germany","","80.640","80.63980","","","","",""
"MH_15","Beds in community residential facilities (per 100 000 population)","https://www.who.int/data/gho/indicator-metadata-registry/imr-details/2964","PUBLISHED","Published","","2015","2015","","EUR","Europe","","DEU","Germany","","59.581","59.58061","","","","",""
"MH_16","Beds in mental hospitals (per 100 000 population)","https://www.who.int/data/gho/indicator-metadata-registry/imr-details/2965","PUBLISHED","Published","","2016","2016","","AFR","Africa","","GHA","Ghana","","2.900","2.90036","","","","",""
"MH_13","Beds for mental health in general hospitals (per 100 000 population)","https://www.who.int/data/gho/indicator-metadata-registry/imr-details/2962","PUBLISHED","Published","","2016","2016","","AFR","Africa","","GHA","Ghana","","3.285","3.28465","","","","",""
"MH_15","Beds in community residential facilities (per 100 000 population)","https://www.who.int/data/gho/indicator-metadata-registry/imr-details/2964","PUBLISHED","Published","","2016","2016","","AFR","Africa","","GHA","Ghana","","0.145","0.14502","","","","",""
"MH_16","Beds in mental hospitals (per 100 000 population)","https://www.who.int/data/gho/indicator-metadata-registry/imr-details/2965","PUBLISHED","Published","","2016","2016","","EUR","Europe","","GRC","Greece","","10.653","10.65271","","","","",""
"MH_13","Beds for mental health in general hospitals (per 100 000 population)","https://www.who.int/data/gho/indicator-metadata-registry/imr-details/2962","PUBLISHED","Published","","2016","2016","","EUR","Europe","","GRC","Greece","","5.696","5.69630","","","","",""
"MH_15","Beds in community residential facilities (per 100 000 population)","https://www.who.int/data/gho/indicator-metadata-registry/imr-details/2964","PUBLISHED","Published","","2016","2016","","EUR","Europe","","GRC","Greece","","14.780","14.78008","","","","",""
"MH_16","Beds in mental hospitals (per 100 000 population)","https://www.who.int/data/gho/indicator-metadata-registry/imr-details/2965","PUBLISHED","Published","","2016","2016","","AMR","Americas","","GRD","Grenada","","74.890","74.89024","","","","",""
"MH_13","Beds for mental health in general hospitals (per 100 000 population)","https://www.who.int/data/gho/indicator-metadata-registry/imr-details/2962","PUBLISHED","Published","","2016","2016","","AMR","Americas","","GRD","Grenada","","18.723","18.72256","","","","",""
"MH_16","Beds in mental hospitals (per 100 000 population)","https://www.who.int/data/gho/indicator-metadata-registry/imr-details/2965","PUBLISHED","Published","","2016","2016","","AMR","Americas","","GTM","Guatemala","","2.129","2.12891","","","","",""
"MH_13","Beds for mental health in general hospitals (per 100 000 population)","https://www.who.int/data/gho/indicator-metadata-registry/imr-details/2962","PUBLISHED","Published","","2016","2016","","AMR","Americas","","GTM","Guatemala","","0.111","0.11075","","","","",""
"MH_15","Beds in community residential facilities (per 100 000 population)","https://www.who.int/data/gho/indicator-metadata-registry/imr-details/2964","PUBLISHED","Published","","2016","2016","","AMR","Americas","","GTM","Guatemala","","0.234","0.23381","","","","",""
"MH_13","Beds for mental health in general hospitals (per 100 000 population)","https://www.who.int/data/gho/indicator-metadata-registry/imr-details/2962","PUBLISHED","Published","","2016","2016","","AFR","Africa","","GIN","Guinea","","0.513","0.51276","","","","",""
"MH_16","Beds in mental hospitals (per 100 000 population)","https://www.who.int/data/gho/indicator-metadata-registry/imr-details/2965","PUBLISHED","Published","","2016","2016","","AFR","Africa","","GNB","Guinea-Bissau","","2.033","2.03329","","","","",""
"MH_16","Beds in mental hospitals (per 100 000 population)","https://www.who.int/data/gho/indicator-metadata-registry/imr-details/2965","PUBLISHED","Published","","2016","2016","","AMR","Americas","","GUY","Guyana","","20.039","20.03867","","","","",""
"MH_13","Beds for mental health in general hospitals (per 100 000 population)","https://www.who.int/data/gho/indicator-metadata-registry/imr-details/2962","PUBLISHED","Published","","2016","2016","","AMR","Americas","","GUY","Guyana","","0.781","0.78073","","","","",""
"MH_16","Beds in mental hospitals (per 100 000 population)","https://www.who.int/data/gho/indicator-metadata-registry/imr-details/2965","PUBLISHED","Published","","2016","2016","","AMR","Americas","","HTI","Haiti","","1.951","1.95125","","","","",""
"MH_13","Beds for mental health in general hospitals (per 100 000 population)","https://www.who.int/data/gho/indicator-metadata-registry/imr-details/2962","PUBLISHED","Published","","2016","2016","","AMR","Americas","","HTI","Haiti","","0.037","0.03734","","","","",""
"MH_16","Beds in mental hospitals (per 100 000 population)","https://www.who.int/data/gho/indicator-metadata-registry/imr-details/2965","PUBLISHED","Published","","2014","2014","","AMR","Americas","","HND","Honduras","","1.228","1.22756","","","","",""
"MH_15","Beds in community residential facilities (per 100 000 population)","https://www.who.int/data/gho/indicator-metadata-registry/imr-details/2964","PUBLISHED","Published","","2014","2014","","AMR","Americas","","HND","Honduras","","0.112","0.11160","","","","",""
"MH_13","Beds for mental health in general hospitals (per 100 000 population)","https://www.who.int/data/gho/indicator-metadata-registry/imr-details/2962","PUBLISHED","Published","","2016","2016","","EUR","Europe","","HUN","Hungary","","85.671","85.67114","","","","",""
"MH_16","Beds in mental hospitals (per 100 000 population)","https://www.who.int/data/gho/indicator-metadata-registry/imr-details/2965","PUBLISHED","Published","","2016","2016","","EUR","Europe","","ISL","Iceland","","18.168","18.16844","","","","",""
"MH_13","Beds for mental health in general hospitals (per 100 000 population)","https://www.who.int/data/gho/indicator-metadata-registry/imr-details/2962","PUBLISHED","Published","","2016","2016","","EUR","Europe","","ISL","Iceland","","32.703","32.70319","","","","",""
"MH_16","Beds in mental hospitals (per 100 000 population)","https://www.who.int/data/gho/indicator-metadata-registry/imr-details/2965","PUBLISHED","Published","","2016","2016","","SEAR","South-East Asia","","IND","India","","1.426","1.42607","","","","",""
"MH_13","Beds for mental health in general hospitals (per 100 000 population)","https://www.who.int/data/gho/indicator-metadata-registry/imr-details/2962","PUBLISHED","Published","","2016","2016","","SEAR","South-East Asia","","IND","India","","0.560","0.55995","","","","",""
"MH_15","Beds in community residential facilities (per 100 000 population)","https://www.who.int/data/gho/indicator-metadata-registry/imr-details/2964","PUBLISHED","Published","","2016","2016","","SEAR","South-East Asia","","IND","India","","5.178","5.17786","","","","",""
"MH_16","Beds in mental hospitals (per 100 000 population)","https://www.who.int/data/gho/indicator-metadata-registry/imr-details/2965","PUBLISHED","Published","","2017","2017","","EMR","Eastern Mediterranean","","IRN","Iran (Islamic Republic of)","","8.487","8.48659","","","","",""
"MH_13","Beds for mental health in general hospitals (per 100 000 population)","https://www.who.int/data/gho/indicator-metadata-registry/imr-details/2962","PUBLISHED","Published","","2017","2017","","EMR","Eastern Mediterranean","","IRN","Iran (Islamic Republic of)","","4.662","4.66227","","","","",""
"MH_15","Beds in community residential facilities (per 100 000 population)","https://www.who.int/data/gho/indicator-metadata-registry/imr-details/2964","PUBLISHED","Published","","2017","2017","","EMR","Eastern Mediterranean","","IRN","Iran (Islamic Republic of)","","15.348","15.34769","","","","",""
"MH_16","Beds in mental hospitals (per 100 000 population)","https://www.who.int/data/gho/indicator-metadata-registry/imr-details/2965","PUBLISHED","Published","","2017","2017","","EMR","Eastern Mediterranean","","IRQ","Iraq","","3.494","3.49433","","","","",""
"MH_13","Beds for mental health in general hospitals (per 100 000 population)","https://www.who.int/data/gho/indicator-metadata-registry/imr-details/2962","PUBLISHED","Published","","2017","2017","","EMR","Eastern Mediterranean","","IRQ","Iraq","","1.013","1.01341","","","","",""
"MH_16","Beds in mental hospitals (per 100 000 population)","https://www.who.int/data/gho/indicator-metadata-registry/imr-details/2965","PUBLISHED","Published","","2016","2016","","EUR","Europe","","IRL","Ireland","","21.659","21.65908","","","","",""
"MH_13","Beds for mental health in general hospitals (per 100 000 population)","https://www.who.int/data/gho/indicator-metadata-registry/imr-details/2962","PUBLISHED","Published","","2016","2016","","EUR","Europe","","IRL","Ireland","","21.659","21.65908","","","","",""
"MH_16","Beds in mental hospitals (per 100 000 population)","https://www.who.int/data/gho/indicator-metadata-registry/imr-details/2965","PUBLISHED","Published","","2016","2016","","EUR","Europe","","ISR","Israel","","35.228","35.22827","","","","",""
"MH_13","Beds for mental health in general hospitals (per 100 000 population)","https://www.who.int/data/gho/indicator-metadata-registry/imr-details/2962","PUBLISHED","Published","","2016","2016","","EUR","Europe","","ISR","Israel","","4.179","4.17878","","","","",""
"MH_15","Beds in community residential facilities (per 100 000 population)","https://www.who.int/data/gho/indicator-metadata-registry/imr-details/2964","PUBLISHED","Published","","2016","2016","","EUR","Europe","","ISR","Israel","","161.398","161.39778","","","","",""
"MH_13","Beds for mental health in general hospitals (per 100 000 population)","https://www.who.int/data/gho/indicator-metadata-registry/imr-details/2962","PUBLISHED","Published","","2015","2015","","EUR","Europe","","ITA","Italy","","8.957","8.95735","","","","",""
"MH_15","Beds in community residential facilities (per 100 000 population)","https://www.who.int/data/gho/indicator-metadata-registry/imr-details/2964","PUBLISHED","Published","","2015","2015","","EUR","Europe","","ITA","Italy","","33.611","33.61107","","","","",""
"MH_16","Beds in mental hospitals (per 100 000 population)","https://www.who.int/data/gho/indicator-metadata-registry/imr-details/2965","PUBLISHED","Published","","2015","2015","","AMR","Americas","","JAM","Jamaica","","27.856","27.85579","","","","",""
"MH_13","Beds for mental health in general hospitals (per 100 000 population)","https://www.who.int/data/gho/indicator-metadata-registry/imr-details/2962","PUBLISHED","Published","","2015","2015","","AMR","Americas","","JAM","Jamaica","","1.671","1.67135","","","","",""
"MH_16","Beds in mental hospitals (per 100 000 population)","https://www.who.int/data/gho/indicator-metadata-registry/imr-details/2965","PUBLISHED","Published","","2016","2016","","WPR","Western Pacific","","JPN","Japan","","196.625","196.62519","","","","",""
"MH_13","Beds for mental health in general hospitals (per 100 000 population)","https://www.who.int/data/gho/indicator-metadata-registry/imr-details/2962","PUBLISHED","Published","","2016","2016","","WPR","Western Pacific","","JPN","Japan","","66.147","66.14653","","","","",""
"MH_16","Beds in mental hospitals (per 100 000 population)","https://www.who.int/data/gho/indicator-metadata-registry/imr-details/2965","PUBLISHED","Published","","2016","2016","","EMR","Eastern Mediterranean","","JOR","Jordan","","6.649","6.64898","","","","",""
"MH_13","Beds for mental health in general hospitals (per 100 000 population)","https://www.who.int/data/gho/indicator-metadata-registry/imr-details/2962","PUBLISHED","Published","","2016","2016","","EMR","Eastern Mediterranean","","JOR","Jordan","","0.415","0.41488","","","","",""
"MH_16","Beds in mental hospitals (per 100 000 population)","https://www.who.int/data/gho/indicator-metadata-registry/imr-details/2965","PUBLISHED","Published","","2016","2016","","AFR","Africa","","KEN","Kenya","","1.482","1.48191","","","","",""
"MH_13","Beds for mental health in general hospitals (per 100 000 population)","https://www.who.int/data/gho/indicator-metadata-registry/imr-details/2962","PUBLISHED","Published","","2016","2016","","AFR","Africa","","KEN","Kenya","","1.059","1.05851","","","","",""
"MH_16","Beds in mental hospitals (per 100 000 population)","https://www.who.int/data/gho/indicator-metadata-registry/imr-details/2965","PUBLISHED","Published","","2015","2015","","WPR","Western Pacific","","KIR","Kiribati","","35.585","35.58497","","","","",""
"MH_16","Beds in mental hospitals (per 100 000 population)","https://www.who.int/data/gho/indicator-metadata-registry/imr-details/2965","PUBLISHED","Published","","2016","2016","","WPR","Western Pacific","","KOR","Republic of Korea","","94.217","94.21733","","","","",""
"MH_13","Beds for mental health in general hospitals (per 100 000 population)","https://www.who.int/data/gho/indicator-metadata-registry/imr-details/2962","PUBLISHED","Published","","2016","2016","","WPR","Western Pacific","","KOR","Republic of Korea","","11.156","11.15555","","","","",""
"MH_15","Beds in community residential facilities (per 100 000 population)","https://www.who.int/data/gho/indicator-metadata-registry/imr-details/2964","PUBLISHED","Published","","2016","2016","","WPR","Western Pacific","","KOR","Republic of Korea","","4.850","4.85041","","","","",""
"MH_16","Beds in mental hospitals (per 100 000 population)","https://www.who.int/data/gho/indicator-metadata-registry/imr-details/2965","PUBLISHED","Published","","2016","2016","","EUR","Europe","","KGZ","Kyrgyzstan","","27.705","27.70484","","","","",""
"MH_13","Beds for mental health in general hospitals (per 100 000 population)","https://www.who.int/data/gho/indicator-metadata-registry/imr-details/2962","PUBLISHED","Published","","2016","2016","","EUR","Europe","","KGZ","Kyrgyzstan","","1.603","1.60262","","","","",""
"MH_16","Beds in mental hospitals (per 100 000 population)","https://www.who.int/data/gho/indicator-metadata-registry/imr-details/2965","PUBLISHED","Published","","2015","2015","","EUR","Europe","","LVA","Latvia","","102.526","102.52612","","","","",""
"MH_16","Beds in mental hospitals (per 100 000 population)","https://www.who.int/data/gho/indicator-metadata-registry/imr-details/2965","PUBLISHED","Published","","2015","2015","","EMR","Eastern Mediterranean","","LBN","Lebanon","","27.514","27.51441","","","","",""
"MH_13","Beds for mental health in general hospitals (per 100 000 population)","https://www.who.int/data/gho/indicator-metadata-registry/imr-details/2962","PUBLISHED","Published","","2015","2015","","EMR","Eastern Mediterranean","","LBN","Lebanon","","1.453","1.45262","","","","",""
"MH_15","Beds in community residential facilities (per 100 000 population)","https://www.who.int/data/gho/indicator-metadata-registry/imr-details/2964","PUBLISHED","Published","","2015","2015","","EMR","Eastern Mediterranean","","LBN","Lebanon","","1.624","1.62352","","","","",""
"MH_16","Beds in mental hospitals (per 100 000 population)","https://www.who.int/data/gho/indicator-metadata-registry/imr-details/2965","PUBLISHED","Published","","2016","2016","","AFR","Africa","","LBR","Liberia","","1.600","1.60013","","","","",""
"MH_13","Beds for mental health in general hospitals (per 100 000 population)","https://www.who.int/data/gho/indicator-metadata-registry/imr-details/2962","PUBLISHED","Published","","2016","2016","","AFR","Africa","","LBR","Liberia","","0.333","0.33336","","","","",""
"MH_15","Beds in community residential facilities (per 100 000 population)","https://www.who.int/data/gho/indicator-metadata-registry/imr-details/2964","PUBLISHED","Published","","2016","2016","","AFR","Africa","","LBR","Liberia","","0.444","0.44448","","","","",""
"MH_16","Beds in mental hospitals (per 100 000 population)","https://www.who.int/data/gho/indicator-metadata-registry/imr-details/2965","PUBLISHED","Published","","2016","2016","","EUR","Europe","","LTU","Lithuania","","40.178","40.17837","","","","",""
"MH_13","Beds for mental health in general hospitals (per 100 000 population)","https://www.who.int/data/gho/indicator-metadata-registry/imr-details/2962","PUBLISHED","Published","","2016","2016","","EUR","Europe","","LTU","Lithuania","","49.592","49.59197","","","","",""
"MH_16","Beds in mental hospitals (per 100 000 population)","https://www.who.int/data/gho/indicator-metadata-registry/imr-details/2965","PUBLISHED","Published","","2015","2015","","EUR","Europe","","LUX","Luxembourg","","39.701","39.70067","","","","",""
"MH_13","Beds for mental health in general hospitals (per 100 000 population)","https://www.who.int/data/gho/indicator-metadata-registry/imr-details/2962","PUBLISHED","Published","","2015","2015","","EUR","Europe","","LUX","Luxembourg","","32.290","32.28988","","","","",""
"MH_15","Beds in community residential facilities (per 100 000 population)","https://www.who.int/data/gho/indicator-metadata-registry/imr-details/2964","PUBLISHED","Published","","2015","2015","","EUR","Europe","","LUX","Luxembourg","","42.347","42.34739","","","","",""
"MH_16","Beds in mental hospitals (per 100 000 population)","https://www.who.int/data/gho/indicator-metadata-registry/imr-details/2965","PUBLISHED","Published","","2017","2017","","EUR","Europe","","MKD","North Macedonia","","48.093","48.09292","","","","",""
"MH_13","Beds for mental health in general hospitals (per 100 000 population)","https://www.who.int/data/gho/indicator-metadata-registry/imr-details/2962","PUBLISHED","Published","","2017","2017","","EUR","Europe","","MKD","North Macedonia","","9.619","9.61858","","","","",""
"MH_16","Beds in mental hospitals (per 100 000 population)","https://www.who.int/data/gho/indicator-metadata-registry/imr-details/2965","PUBLISHED","Published","","2016","2016","","AFR","Africa","","MDG","Madagascar","","0.854","0.85417","","","","",""
"MH_13","Beds for mental health in general hospitals (per 100 000 population)","https://www.who.int/data/gho/indicator-metadata-registry/imr-details/2962","PUBLISHED","Published","","2016","2016","","AFR","Africa","","MDG","Madagascar","","0.466","0.46629","","","","",""
"MH_15","Beds in community residential facilities (per 100 000 population)","https://www.who.int/data/gho/indicator-metadata-registry/imr-details/2964","PUBLISHED","Published","","2016","2016","","AFR","Africa","","MDG","Madagascar","","0.103","0.10316","","","","",""
"MH_16","Beds in mental hospitals (per 100 000 population)","https://www.who.int/data/gho/indicator-metadata-registry/imr-details/2965","PUBLISHED","Published","","2016","2016","","WPR","Western Pacific","","MYS","Malaysia","","11.054","11.05355","","","","",""
"MH_13","Beds for mental health in general hospitals (per 100 000 population)","https://www.who.int/data/gho/indicator-metadata-registry/imr-details/2962","PUBLISHED","Published","","2017","2017","","SEAR","South-East Asia","","MDV","Maldives","","0.956","0.95602","","","","",""
"MH_15","Beds in community residential facilities (per 100 000 population)","https://www.who.int/data/gho/indicator-metadata-registry/imr-details/2964","PUBLISHED","Published","","2017","2017","","SEAR","South-East Asia","","MDV","Maldives","","41.826","41.82570","","","","",""
"MH_13","Beds for mental health in general hospitals (per 100 000 population)","https://www.who.int/data/gho/indicator-metadata-registry/imr-details/2962","PUBLISHED","Published","","2016","2016","","AFR","Africa","","MLI","Mali","","0.315","0.31486","","","","",""
"MH_13","Beds for mental health in general hospitals (per 100 000 population)","https://www.who.int/data/gho/indicator-metadata-registry/imr-details/2962","PUBLISHED","Published","","2013","2013","","AFR","Africa","","MRT","Mauritania","","0.335","0.33474","","","","",""
"MH_16","Beds in mental hospitals (per 100 000 population)","https://www.who.int/data/gho/indicator-metadata-registry/imr-details/2965","PUBLISHED","Published","","2017","2017","","AFR","Africa","","MUS","Mauritius","","53.356","53.35637","","","","",""
"MH_13","Beds for mental health in general hospitals (per 100 000 population)","https://www.who.int/data/gho/indicator-metadata-registry/imr-details/2962","PUBLISHED","Published","","2017","2017","","AFR","Africa","","MUS","Mauritius","","1.429","1.42919","","","","",""
"MH_16","Beds in mental hospitals (per 100 000 population)","https://www.who.int/data/gho/indicator-metadata-registry/imr-details/2965","PUBLISHED","Published","","2016","2016","","AMR","Americas","","MEX","Mexico","","3.060","3.05979","","","","",""
"MH_13","Beds for mental health in general hospitals (per 100 000 population)","https://www.who.int/data/gho/indicator-metadata-registry/imr-details/2962","PUBLISHED","Published","","2016","2016","","AMR","Americas","","MEX","Mexico","","0.027","0.02701","","","","",""
"MH_15","Beds in community residential facilities (per 100 000 population)","https://www.who.int/data/gho/indicator-metadata-registry/imr-details/2964","PUBLISHED","Published","","2016","2016","","AMR","Americas","","MEX","Mexico","","0.255","0.25498","","","","",""
"MH_16","Beds in mental hospitals (per 100 000 population)","https://www.who.int/data/gho/indicator-metadata-registry/imr-details/2965","PUBLISHED","Published","","2015","2015","","EUR","Europe","","MDA","Republic of Moldova","","35.539","35.53879","","","","",""
"MH_13","Beds for mental health in general hospitals (per 100 000 population)","https://www.who.int/data/gho/indicator-metadata-registry/imr-details/2962","PUBLISHED","Published","","2015","2015","","EUR","Europe","","MDA","Republic of Moldova","","0.861","0.86080","","","","",""
"MH_13","Beds for mental health in general hospitals (per 100 000 population)","https://www.who.int/data/gho/indicator-metadata-registry/imr-details/2962","PUBLISHED","Published","","2016","2016","","EUR","Europe","","MCO","Monaco","","148.798","148.79787","","","","",""
"MH_16","Beds in mental hospitals (per 100 000 population)","https://www.who.int/data/gho/indicator-metadata-registry/imr-details/2965","PUBLISHED","Published","","2016","2016","","WPR","Western Pacific","","MNG","Mongolia","","18.476","18.47574","","","","",""
"MH_13","Beds for mental health in general hospitals (per 100 000 population)","https://www.who.int/data/gho/indicator-metadata-registry/imr-details/2962","PUBLISHED","Published","","2016","2016","","WPR","Western Pacific","","MNG","Mongolia","","3.258","3.25845","","","","",""
"MH_16","Beds in mental hospitals (per 100 000 population)","https://www.who.int/data/gho/indicator-metadata-registry/imr-details/2965","PUBLISHED","Published","","2016","2016","","EUR","Europe","","MNE","Montenegro","","46.484","46.48364","","","","",""
"MH_13","Beds for mental health in general hospitals (per 100 000 population)","https://www.who.int/data/gho/indicator-metadata-registry/imr-details/2962","PUBLISHED","Published","","2016","2016","","EUR","Europe","","MNE","Montenegro","","4.298","4.29814","","","","",""
"MH_16","Beds in mental hospitals (per 100 000 population)","https://www.who.int/data/gho/indicator-metadata-registry/imr-details/2965","PUBLISHED","Published","","2016","2016","","EMR","Eastern Mediterranean","","MAR","Morocco","","4.175","4.17489","","","","",""
"MH_13","Beds for mental health in general hospitals (per 100 000 population)","https://www.who.int/data/gho/indicator-metadata-registry/imr-details/2962","PUBLISHED","Published","","2016","2016","","EMR","Eastern Mediterranean","","MAR","Morocco","","2.054","2.05440","","","","",""
"MH_16","Beds in mental hospitals (per 100 000 population)","https://www.who.int/data/gho/indicator-metadata-registry/imr-details/2965","PUBLISHED","Published","","2016","2016","","AFR","Africa","","MOZ","Mozambique","","0.439","0.43912","","","","",""
"MH_13","Beds for mental health in general hospitals (per 100 000 population)","https://www.who.int/data/gho/indicator-metadata-registry/imr-details/2962","PUBLISHED","Published","","2016","2016","","AFR","Africa","","MOZ","Mozambique","","1.978","1.97782","","","","",""
"MH_16","Beds in mental hospitals (per 100 000 population)","https://www.who.int/data/gho/indicator-metadata-registry/imr-details/2965","PUBLISHED","Published","","2016","2016","","SEAR","South-East Asia","","MMR","Myanmar","","2.672","2.67157","","","","",""
"MH_13","Beds for mental health in general hospitals (per 100 000 population)","https://www.who.int/data/gho/indicator-metadata-registry/imr-details/2962","PUBLISHED","Published","","2016","2016","","SEAR","South-East Asia","","MMR","Myanmar","","0.555","0.55530","","","","",""
"MH_13","Beds for mental health in general hospitals (per 100 000 population)","https://www.who.int/data/gho/indicator-metadata-registry/imr-details/2962","PUBLISHED","Published","","2016","2016","","AFR","Africa","","NAM","Namibia","","12.657","12.65687","","","","",""
"MH_15","Beds in community residential facilities (per 100 000 population)","https://www.who.int/data/gho/indicator-metadata-registry/imr-details/2964","PUBLISHED","Published","","2016","2016","","AFR","Africa","","NAM","Namibia","","0.495","0.49473","","","","",""
"MH_16","Beds in mental hospitals (per 100 000 population)","https://www.who.int/data/gho/indicator-metadata-registry/imr-details/2965","PUBLISHED","Published","","2016","2016","","SEAR","South-East Asia","","NPL","Nepal","","0.576","0.57579","","","","",""
"MH_13","Beds for mental health in general hospitals (per 100 000 population)","https://www.who.int/data/gho/indicator-metadata-registry/imr-details/2962","PUBLISHED","Published","","2016","2016","","SEAR","South-East Asia","","NPL","Nepal","","1.183","1.18299","","","","",""
"MH_13","Beds for mental health in general hospitals (per 100 000 population)","https://www.who.int/data/gho/indicator-metadata-registry/imr-details/2962","PUBLISHED","Published","","2016","2016","","WPR","Western Pacific","","NZL","New Zealand","","18.788","18.78847","","","","",""
"MH_15","Beds in community residential facilities (per 100 000 population)","https://www.who.int/data/gho/indicator-metadata-registry/imr-details/2964","PUBLISHED","Published","","2016","2016","","WPR","Western Pacific","","NZL","New Zealand","","26.243","26.24318","","","","",""
"MH_16","Beds in mental hospitals (per 100 000 population)","https://www.who.int/data/gho/indicator-metadata-registry/imr-details/2965","PUBLISHED","Published","","2017","2017","","AMR","Americas","","NIC","Nicaragua","","3.173","3.17328","","","","",""
"MH_13","Beds for mental health in general hospitals (per 100 000 population)","https://www.who.int/data/gho/indicator-metadata-registry/imr-details/2962","PUBLISHED","Published","","2017","2017","","AMR","Americas","","NIC","Nicaragua","","0.164","0.16442","","","","",""
"MH_15","Beds in community residential facilities (per 100 000 population)","https://www.who.int/data/gho/indicator-metadata-registry/imr-details/2964","PUBLISHED","Published","","2017","2017","","AMR","Americas","","NIC","Nicaragua","","0.280","0.27951","","","","",""
"MH_13","Beds for mental health in general hospitals (per 100 000 population)","https://www.who.int/data/gho/indicator-metadata-registry/imr-details/2962","PUBLISHED","Published","","2016","2016","","AFR","Africa","","NER","Niger","","0.521","0.52148","","","","",""
"MH_16","Beds in mental hospitals (per 100 000 population)","https://www.who.int/data/gho/indicator-metadata-registry/imr-details/2965","PUBLISHED","Published","","2016","2016","","EUR","Europe","","NOR","Norway","","74.329","74.32927","","","","",""
"MH_16","Beds in mental hospitals (per 100 000 population)","https://www.who.int/data/gho/indicator-metadata-registry/imr-details/2965","PUBLISHED","Published","","2016","2016","","EMR","Eastern Mediterranean","","PAK","Pakistan","","2.472","2.47227","","","","",""
"MH_13","Beds for mental health in general hospitals (per 100 000 population)","https://www.who.int/data/gho/indicator-metadata-registry/imr-details/2962","PUBLISHED","Published","","2016","2016","","EMR","Eastern Mediterranean","","PAK","Pakistan","","3.274","3.27383","","","","",""
"MH_15","Beds in community residential facilities (per 100 000 population)","https://www.who.int/data/gho/indicator-metadata-registry/imr-details/2964","PUBLISHED","Published","","2016","2016","","EMR","Eastern Mediterranean","","PAK","Pakistan","","2.989","2.98869","","","","",""
"MH_16","Beds in mental hospitals (per 100 000 population)","https://www.who.int/data/gho/indicator-metadata-registry/imr-details/2965","PUBLISHED","Published","","2016","2016","","AMR","Americas","","PAN","Panama","","3.779","3.77905","","","","",""
"MH_13","Beds for mental health in general hospitals (per 100 000 population)","https://www.who.int/data/gho/indicator-metadata-registry/imr-details/2962","PUBLISHED","Published","","2016","2016","","AMR","Americas","","PAN","Panama","","5.996","5.99610","","","","",""
"MH_16","Beds in mental hospitals (per 100 000 population)","https://www.who.int/data/gho/indicator-metadata-registry/imr-details/2965","PUBLISHED","Published","","2016","2016","","AMR","Americas","","PRY","Paraguay","","5.106","5.10610","","","","",""
"MH_13","Beds for mental health in general hospitals (per 100 000 population)","https://www.who.int/data/gho/indicator-metadata-registry/imr-details/2962","PUBLISHED","Published","","2016","2016","","AMR","Americas","","PRY","Paraguay","","0.241","0.24100","","","","",""
"MH_15","Beds in community residential facilities (per 100 000 population)","https://www.who.int/data/gho/indicator-metadata-registry/imr-details/2964","PUBLISHED","Published","","2016","2016","","AMR","Americas","","PRY","Paraguay","","0.874","0.87361","","","","",""
"MH_16","Beds in mental hospitals (per 100 000 population)","https://www.who.int/data/gho/indicator-metadata-registry/imr-details/2965","PUBLISHED","Published","","2016","2016","","AMR","Americas","","PER","Peru","","3.197","3.19664","","","","",""
"MH_13","Beds for mental health in general hospitals (per 100 000 population)","https://www.who.int/data/gho/indicator-metadata-registry/imr-details/2962","PUBLISHED","Published","","2016","2016","","AMR","Americas","","PER","Peru","","0.405","0.40476","","","","",""
"MH_15","Beds in community residential facilities (per 100 000 population)","https://www.who.int/data/gho/indicator-metadata-registry/imr-details/2964","PUBLISHED","Published","","2016","2016","","AMR","Americas","","PER","Peru","","0.172","0.17210","","","","",""
"MH_16","Beds in mental hospitals (per 100 000 population)","https://www.who.int/data/gho/indicator-metadata-registry/imr-details/2965","PUBLISHED","Published","","2016","2016","","WPR","Western Pacific","","PHL","Philippines","","4.129","4.12913","","","","",""
"MH_13","Beds for mental health in general hospitals (per 100 000 population)","https://www.who.int/data/gho/indicator-metadata-registry/imr-details/2962","PUBLISHED","Published","","2016","2016","","WPR","Western Pacific","","PHL","Philippines","","1.324","1.32427","","","","",""
"MH_15","Beds in community residential facilities (per 100 000 population)","https://www.who.int/data/gho/indicator-metadata-registry/imr-details/2964","PUBLISHED","Published","","2016","2016","","WPR","Western Pacific","","PHL","Philippines","","2.045","2.04490","","","","",""
"MH_16","Beds in mental hospitals (per 100 000 population)","https://www.who.int/data/gho/indicator-metadata-registry/imr-details/2965","PUBLISHED","Published","","2016","2016","","EUR","Europe","","POL","Poland","","30.466","30.46630","","","","",""
"MH_13","Beds for mental health in general hospitals (per 100 000 population)","https://www.who.int/data/gho/indicator-metadata-registry/imr-details/2962","PUBLISHED","Published","","2016","2016","","EUR","Europe","","POL","Poland","","15.583","15.58334","","","","",""
"MH_16","Beds in mental hospitals (per 100 000 population)","https://www.who.int/data/gho/indicator-metadata-registry/imr-details/2965","PUBLISHED","Published","","2016","2016","","EUR","Europe","","PRT","Portugal","","5.701","5.70141","","","","",""
"MH_13","Beds for mental health in general hospitals (per 100 000 population)","https://www.who.int/data/gho/indicator-metadata-registry/imr-details/2962","PUBLISHED","Published","","2016","2016","","EUR","Europe","","PRT","Portugal","","11.825","11.82515","","","","",""
"MH_15","Beds in community residential facilities (per 100 000 population)","https://www.who.int/data/gho/indicator-metadata-registry/imr-details/2964","PUBLISHED","Published","","2016","2016","","EUR","Europe","","PRT","Portugal","","6.344","6.34450","","","","",""
"MH_16","Beds in mental hospitals (per 100 000 population)","https://www.who.int/data/gho/indicator-metadata-registry/imr-details/2965","PUBLISHED","Published","","2016","2016","","EMR","Eastern Mediterranean","","QAT","Qatar","","2.483","2.48316","","","","",""
"MH_13","Beds for mental health in general hospitals (per 100 000 population)","https://www.who.int/data/gho/indicator-metadata-registry/imr-details/2962","PUBLISHED","Published","","2016","2016","","EMR","Eastern Mediterranean","","QAT","Qatar","","0.458","0.45843","","","","",""
"MH_15","Beds in community residential facilities (per 100 000 population)","https://www.who.int/data/gho/indicator-metadata-registry/imr-details/2964","PUBLISHED","Published","","2016","2016","","EMR","Eastern Mediterranean","","QAT","Qatar","","0.573","0.57304","","","","",""
"MH_16","Beds in mental hospitals (per 100 000 population)","https://www.who.int/data/gho/indicator-metadata-registry/imr-details/2965","PUBLISHED","Published","","2016","2016","","EUR","Europe","","ROU","Romania","","82.469","82.46875","","","","",""
"MH_13","Beds for mental health in general hospitals (per 100 000 population)","https://www.who.int/data/gho/indicator-metadata-registry/imr-details/2962","PUBLISHED","Published","","2016","2016","","EUR","Europe","","ROU","Romania","","55.045","55.04457","","","","",""
"MH_16","Beds in mental hospitals (per 100 000 population)","https://www.who.int/data/gho/indicator-metadata-registry/imr-details/2965","PUBLISHED","Published","","2015","2015","","EUR","Europe","","RUS","Russian Federation","","93.029","93.02860","","","","",""
"MH_16","Beds in mental hospitals (per 100 000 population)","https://www.who.int/data/gho/indicator-metadata-registry/imr-details/2965","PUBLISHED","Published","","2016","2016","","AFR","Africa","","RWA","Rwanda","","3.440","3.43951","","","","",""
"MH_13","Beds for mental health in general hospitals (per 100 000 population)","https://www.who.int/data/gho/indicator-metadata-registry/imr-details/2962","PUBLISHED","Published","","2016","2016","","AFR","Africa","","RWA","Rwanda","","0.344","0.34395","","","","",""
"MH_16","Beds in mental hospitals (per 100 000 population)","https://www.who.int/data/gho/indicator-metadata-registry/imr-details/2965","PUBLISHED","Published","","2016","2016","","AMR","Americas","","LCA","Saint Lucia","","54.739","54.73855","","","","",""
"MH_16","Beds in mental hospitals (per 100 000 population)","https://www.who.int/data/gho/indicator-metadata-registry/imr-details/2965","PUBLISHED","Published","","2017","2017","","AMR","Americas","","VCT","Saint Vincent and the Grenadines","","164.451","164.45114","","","","",""
"MH_16","Beds in mental hospitals (per 100 000 population)","https://www.who.int/data/gho/indicator-metadata-registry/imr-details/2965","PUBLISHED","Published","","2016","2016","","WPR","Western Pacific","","WSM","Samoa","","5.161","5.16105","","","","",""
"MH_13","Beds for mental health in general hospitals (per 100 000 population)","https://www.who.int/data/gho/indicator-metadata-registry/imr-details/2962","PUBLISHED","Published","","2016","2016","","WPR","Western Pacific","","WSM","Samoa","","5.161","5.16105","","","","",""
"MH_15","Beds in community residential facilities (per 100 000 population)","https://www.who.int/data/gho/indicator-metadata-registry/imr-details/2964","PUBLISHED","Published","","2016","2016","","WPR","Western Pacific","","WSM","Samoa","","4.645","4.64495","","","","",""
"MH_13","Beds for mental health in general hospitals (per 100 000 population)","https://www.who.int/data/gho/indicator-metadata-registry/imr-details/2962","PUBLISHED","Published","","2016","2016","","AFR","Africa","","STP","Sao Tome and Principe","","16.364","16.36385","","","","",""
"MH_16","Beds in mental hospitals (per 100 000 population)","https://www.who.int/data/gho/indicator-metadata-registry/imr-details/2965","PUBLISHED","Published","","2016","2016","","EMR","Eastern Mediterranean","","SAU","Saudi Arabia","","17.115","17.11498","","","","",""
"MH_13","Beds for mental health in general hospitals (per 100 000 population)","https://www.who.int/data/gho/indicator-metadata-registry/imr-details/2962","PUBLISHED","Published","","2016","2016","","EMR","Eastern Mediterranean","","SAU","Saudi Arabia","","0.317","0.31689","","","","",""
"MH_15","Beds in community residential facilities (per 100 000 population)","https://www.who.int/data/gho/indicator-metadata-registry/imr-details/2964","PUBLISHED","Published","","2016","2016","","EMR","Eastern Mediterranean","","SAU","Saudi Arabia","","0.634","0.63377","","","","",""
"MH_16","Beds in mental hospitals (per 100 000 population)","https://www.who.int/data/gho/indicator-metadata-registry/imr-details/2965","PUBLISHED","Published","","2016","2016","","AFR","Africa","","SEN","Senegal","","0.935","0.93477","","","","",""
"MH_13","Beds for mental health in general hospitals (per 100 000 population)","https://www.who.int/data/gho/indicator-metadata-registry/imr-details/2962","PUBLISHED","Published","","2016","2016","","AFR","Africa","","SEN","Senegal","","0.581","0.58089","","","","",""
"MH_15","Beds in community residential facilities (per 100 000 population)","https://www.who.int/data/gho/indicator-metadata-registry/imr-details/2964","PUBLISHED","Published","","2016","2016","","AFR","Africa","","SEN","Senegal","","0.908","0.90806","","","","",""
"MH_16","Beds in mental hospitals (per 100 000 population)","https://www.who.int/data/gho/indicator-metadata-registry/imr-details/2965","PUBLISHED","Published","","2017","2017","","EUR","Europe","","SRB","Serbia","","41.406","41.40644","","","","",""
"MH_13","Beds for mental health in general hospitals (per 100 000 population)","https://www.who.int/data/gho/indicator-metadata-registry/imr-details/2962","PUBLISHED","Published","","2017","2017","","EUR","Europe","","SRB","Serbia","","18.325","18.32503","","","","",""
"MH_16","Beds in mental hospitals (per 100 000 population)","https://www.who.int/data/gho/indicator-metadata-registry/imr-details/2965","PUBLISHED","Published","","2016","2016","","AFR","Africa","","SYC","Seychelles","","42.670","42.67031","","","","",""
"MH_16","Beds in mental hospitals (per 100 000 population)","https://www.who.int/data/gho/indicator-metadata-registry/imr-details/2965","PUBLISHED","Published","","2017","2017","","AFR","Africa","","SLE","Sierra Leone","","3.454","3.45446","","","","",""
"MH_16","Beds in mental hospitals (per 100 000 population)","https://www.who.int/data/gho/indicator-metadata-registry/imr-details/2965","PUBLISHED","Published","","2016","2016","","WPR","Western Pacific","","SGP","Singapore","","34.867","34.86736","","","","",""
"MH_13","Beds for mental health in general hospitals (per 100 000 population)","https://www.who.int/data/gho/indicator-metadata-registry/imr-details/2962","PUBLISHED","Published","","2016","2016","","WPR","Western Pacific","","SGP","Singapore","","1.228","1.22849","","","","",""
"MH_15","Beds in community residential facilities (per 100 000 population)","https://www.who.int/data/gho/indicator-metadata-registry/imr-details/2964","PUBLISHED","Published","","2016","2016","","WPR","Western Pacific","","SGP","Singapore","","6.431","6.43149","","","","",""
"MH_16","Beds in mental hospitals (per 100 000 population)","https://www.who.int/data/gho/indicator-metadata-registry/imr-details/2965","PUBLISHED","Published","","2016","2016","","EUR","Europe","","SVN","Slovenia","","57.114","57.11427","","","","",""
"MH_13","Beds for mental health in general hospitals (per 100 000 population)","https://www.who.int/data/gho/indicator-metadata-registry/imr-details/2962","PUBLISHED","Published","","2016","2016","","EUR","Europe","","SVN","Slovenia","","9.543","9.54314","","","","",""
"MH_15","Beds in community residential facilities (per 100 000 population)","https://www.who.int/data/gho/indicator-metadata-registry/imr-details/2964","PUBLISHED","Published","","2016","2016","","EUR","Europe","","SVN","Slovenia","","84.153","84.15318","","","","",""
"MH_16","Beds in mental hospitals (per 100 000 population)","https://www.who.int/data/gho/indicator-metadata-registry/imr-details/2965","PUBLISHED","Published","","2017","2017","","EMR","Eastern Mediterranean","","SOM","Somalia","","0.503","0.50330","","","","",""
"MH_16","Beds in mental hospitals (per 100 000 population)","https://www.who.int/data/gho/indicator-metadata-registry/imr-details/2965","PUBLISHED","Published","","2016","2016","","AFR","Africa","","ZAF","South Africa","","16.556","16.55597","","","","",""
"MH_13","Beds for mental health in general hospitals (per 100 000 population)","https://www.who.int/data/gho/indicator-metadata-registry/imr-details/2962","PUBLISHED","Published","","2016","2016","","AFR","Africa","","ZAF","South Africa","","4.330","4.32980","","","","",""
"MH_13","Beds for mental health in general hospitals (per 100 000 population)","https://www.who.int/data/gho/indicator-metadata-registry/imr-details/2962","PUBLISHED","Published","","2016","2016","","AFR","Africa","","SSD","South Sudan","","0.101","0.10099","","","","",""
"MH_16","Beds in mental hospitals (per 100 000 population)","https://www.who.int/data/gho/indicator-metadata-registry/imr-details/2965","PUBLISHED","Published","","2015","2015","","EUR","Europe","","ESP","Spain","","28.148","28.14797","","","","",""
"MH_13","Beds for mental health in general hospitals (per 100 000 population)","https://www.who.int/data/gho/indicator-metadata-registry/imr-details/2962","PUBLISHED","Published","","2015","2015","","EUR","Europe","","ESP","Spain","","14.307","14.30675","","","","",""
"MH_16","Beds in mental hospitals (per 100 000 population)","https://www.who.int/data/gho/indicator-metadata-registry/imr-details/2965","PUBLISHED","Published","","2017","2017","","SEAR","South-East Asia","","LKA","Sri Lanka","","4.968","4.96765","","","","",""
"MH_13","Beds for mental health in general hospitals (per 100 000 population)","https://www.who.int/data/gho/indicator-metadata-registry/imr-details/2962","PUBLISHED","Published","","2017","2017","","SEAR","South-East Asia","","LKA","Sri Lanka","","3.959","3.95867","","","","",""
"MH_15","Beds in community residential facilities (per 100 000 population)","https://www.who.int/data/gho/indicator-metadata-registry/imr-details/2964","PUBLISHED","Published","","2017","2017","","SEAR","South-East Asia","","LKA","Sri Lanka","","1.332","1.33243","","","","",""
"MH_16","Beds in mental hospitals (per 100 000 population)","https://www.who.int/data/gho/indicator-metadata-registry/imr-details/2965","PUBLISHED","Published","","2015","2015","","EMR","Eastern Mediterranean","","SDN","Sudan","","0.812","0.81247","","","","",""
"MH_16","Beds in mental hospitals (per 100 000 population)","https://www.who.int/data/gho/indicator-metadata-registry/imr-details/2965","PUBLISHED","Published","","2017","2017","","AFR","Africa","","SWZ","Eswatini","","14.556","14.55636","","","","",""
"MH_16","Beds in mental hospitals (per 100 000 population)","https://www.who.int/data/gho/indicator-metadata-registry/imr-details/2965","PUBLISHED","Published","","2016","2016","","EUR","Europe","","SWE","Sweden","","31.095","31.09520","","","","",""
"MH_16","Beds in mental hospitals (per 100 000 population)","https://www.who.int/data/gho/indicator-metadata-registry/imr-details/2965","PUBLISHED","Published","","2015","2015","","EUR","Europe","","CHE","Switzerland","","75.603","75.60306","","","","",""
"MH_13","Beds for mental health in general hospitals (per 100 000 population)","https://www.who.int/data/gho/indicator-metadata-registry/imr-details/2962","PUBLISHED","Published","","2015","2015","","EUR","Europe","","CHE","Switzerland","","13.810","13.81048","","","","",""
"MH_15","Beds in community residential facilities (per 100 000 population)","https://www.who.int/data/gho/indicator-metadata-registry/imr-details/2964","PUBLISHED","Published","","2015","2015","","EUR","Europe","","CHE","Switzerland","","74.113","74.11263","","","","",""
"MH_16","Beds in mental hospitals (per 100 000 population)","https://www.who.int/data/gho/indicator-metadata-registry/imr-details/2965","PUBLISHED","Published","","2016","2016","","EMR","Eastern Mediterranean","","SYR","Syrian Arab Republic","","5.338","5.33761","","","","",""
"MH_13","Beds for mental health in general hospitals (per 100 000 population)","https://www.who.int/data/gho/indicator-metadata-registry/imr-details/2962","PUBLISHED","Published","","2016","2016","","EMR","Eastern Mediterranean","","SYR","Syrian Arab Republic","","0.267","0.26688","","","","",""
"MH_16","Beds in mental hospitals (per 100 000 population)","https://www.who.int/data/gho/indicator-metadata-registry/imr-details/2965","PUBLISHED","Published","","2015","2015","","AFR","Africa","","TZA","United Republic of Tanzania","","1.578","1.57758","","","","",""
"MH_13","Beds for mental health in general hospitals (per 100 000 population)","https://www.who.int/data/gho/indicator-metadata-registry/imr-details/2962","PUBLISHED","Published","","2015","2015","","AFR","Africa","","TZA","United Republic of Tanzania","","0.408","0.40832","","","","",""
"MH_15","Beds in community residential facilities (per 100 000 population)","https://www.who.int/data/gho/indicator-metadata-registry/imr-details/2964","PUBLISHED","Published","","2015","2015","","AFR","Africa","","TZA","United Republic of Tanzania","","0.121","0.12064","","","","",""
"MH_16","Beds in mental hospitals (per 100 000 population)","https://www.who.int/data/gho/indicator-metadata-registry/imr-details/2965","PUBLISHED","Published","","2016","2016","","EUR","Europe","","TJK","Tajikistan","","10.294","10.29402","","","","",""
"MH_13","Beds for mental health in general hospitals (per 100 000 population)","https://www.who.int/data/gho/indicator-metadata-registry/imr-details/2962","PUBLISHED","Published","","2016","2016","","EUR","Europe","","TJK","Tajikistan","","6.551","6.55074","","","","",""
"MH_16","Beds in mental hospitals (per 100 000 population)","https://www.who.int/data/gho/indicator-metadata-registry/imr-details/2965","PUBLISHED","Published","","2016","2016","","SEAR","South-East Asia","","THA","Thailand","","6.464","6.46396","","","","",""
"MH_13","Beds for mental health in general hospitals (per 100 000 population)","https://www.who.int/data/gho/indicator-metadata-registry/imr-details/2962","PUBLISHED","Published","","2016","2016","","SEAR","South-East Asia","","THA","Thailand","","0.377","0.37723","","","","",""
"MH_15","Beds in community residential facilities (per 100 000 population)","https://www.who.int/data/gho/indicator-metadata-registry/imr-details/2964","PUBLISHED","Published","","2016","2016","","SEAR","South-East Asia","","TLS","Timor-Leste","","1.934","1.93396","","","","",""
"MH_16","Beds in mental hospitals (per 100 000 population)","https://www.who.int/data/gho/indicator-metadata-registry/imr-details/2965","PUBLISHED","Published","","2016","2016","","AFR","Africa","","TGO","Togo","","1.618","1.61795","","","","",""
"MH_13","Beds for mental health in general hospitals (per 100 000 population)","https://www.who.int/data/gho/indicator-metadata-registry/imr-details/2962","PUBLISHED","Published","","2016","2016","","AFR","Africa","","TGO","Togo","","0.404","0.40449","","","","",""
"MH_15","Beds in community residential facilities (per 100 000 population)","https://www.who.int/data/gho/indicator-metadata-registry/imr-details/2964","PUBLISHED","Published","","2016","2016","","AFR","Africa","","TGO","Togo","","0.270","0.26966","","","","",""
"MH_13","Beds for mental health in general hospitals (per 100 000 population)","https://www.who.int/data/gho/indicator-metadata-registry/imr-details/2962","PUBLISHED","Published","","2016","2016","","WPR","Western Pacific","","TON","Tonga","","24.444","24.44436","","","","",""
"MH_16","Beds in mental hospitals (per 100 000 population)","https://www.who.int/data/gho/indicator-metadata-registry/imr-details/2965","PUBLISHED","Published","","2017","2017","","AMR","Americas","","TTO","Trinidad and Tobago","","60.290","60.29004","","","","",""
"MH_16","Beds in mental hospitals (per 100 000 population)","https://www.who.int/data/gho/indicator-metadata-registry/imr-details/2965","PUBLISHED","Published","","2017","2017","","EMR","Eastern Mediterranean","","TUN","Tunisia","","0.266","0.26611","","","","",""
"MH_16","Beds in mental hospitals (per 100 000 population)","https://www.who.int/data/gho/indicator-metadata-registry/imr-details/2965","PUBLISHED","Published","","2016","2016","","EUR","Europe","","TUR","Turkey","","5.158","5.15769","","","","",""
"MH_13","Beds for mental health in general hospitals (per 100 000 population)","https://www.who.int/data/gho/indicator-metadata-registry/imr-details/2962","PUBLISHED","Published","","2016","2016","","EUR","Europe","","TUR","Turkey","","4.673","4.67348","","","","",""
"MH_15","Beds in community residential facilities (per 100 000 population)","https://www.who.int/data/gho/indicator-metadata-registry/imr-details/2964","PUBLISHED","Published","","2016","2016","","EUR","Europe","","TUR","Turkey","","0.957","0.95693","","","","",""
"MH_16","Beds in mental hospitals (per 100 000 population)","https://www.who.int/data/gho/indicator-metadata-registry/imr-details/2965","PUBLISHED","Published","","2016","2016","","AFR","Africa","","UGA","Uganda","","1.245","1.24549","","","","",""
"MH_13","Beds for mental health in general hospitals (per 100 000 population)","https://www.who.int/data/gho/indicator-metadata-registry/imr-details/2962","PUBLISHED","Published","","2016","2016","","AFR","Africa","","UGA","Uganda","","0.087","0.08718","","","","",""
"MH_16","Beds in mental hospitals (per 100 000 population)","https://www.who.int/data/gho/indicator-metadata-registry/imr-details/2965","PUBLISHED","Published","","2016","2016","","EUR","Europe","","UKR","Ukraine","","65.483","65.48254","","","","",""
"MH_13","Beds for mental health in general hospitals (per 100 000 population)","https://www.who.int/data/gho/indicator-metadata-registry/imr-details/2962","PUBLISHED","Published","","2016","2016","","EUR","Europe","","UKR","Ukraine","","1.919","1.91904","","","","",""
"MH_16","Beds in mental hospitals (per 100 000 population)","https://www.who.int/data/gho/indicator-metadata-registry/imr-details/2965","PUBLISHED","Published","","2016","2016","","EMR","Eastern Mediterranean","","ARE","United Arab Emirates","","0.896","0.89575","","","","",""
"MH_13","Beds for mental health in general hospitals (per 100 000 population)","https://www.who.int/data/gho/indicator-metadata-registry/imr-details/2962","PUBLISHED","Published","","2016","2016","","EMR","Eastern Mediterranean","","ARE","United Arab Emirates","","2.993","2.99313","","","","",""
"MH_16","Beds in mental hospitals (per 100 000 population)","https://www.who.int/data/gho/indicator-metadata-registry/imr-details/2965","PUBLISHED","Published","","2017","2017","","EUR","Europe","","GBR","United Kingdom of Great Britain and Northern Ireland","","23.914","23.91391","","","","",""
"MH_13","Beds for mental health in general hospitals (per 100 000 population)","https://www.who.int/data/gho/indicator-metadata-registry/imr-details/2962","PUBLISHED","Published","","2017","2017","","EUR","Europe","","GBR","United Kingdom of Great Britain and Northern Ireland","","0.000","0.00000","","","","",""
"MH_16","Beds in mental hospitals (per 100 000 population)","https://www.who.int/data/gho/indicator-metadata-registry/imr-details/2965","PUBLISHED","Published","","2016","2016","","AMR","Americas","","USA","United States of America","","18.660","18.65976","","","","",""
"MH_13","Beds for mental health in general hospitals (per 100 000 population)","https://www.who.int/data/gho/indicator-metadata-registry/imr-details/2962","PUBLISHED","Published","","2016","2016","","AMR","Americas","","USA","United States of America","","11.143","11.14340","","","","",""
"MH_16","Beds in mental hospitals (per 100 000 population)","https://www.who.int/data/gho/indicator-metadata-registry/imr-details/2965","PUBLISHED","Published","","2016","2016","","AMR","Americas","","URY","Uruguay","","41.818","41.81781","","","","",""
"MH_13","Beds for mental health in general hospitals (per 100 000 population)","https://www.who.int/data/gho/indicator-metadata-registry/imr-details/2962","PUBLISHED","Published","","2016","2016","","AMR","Americas","","URY","Uruguay","","8.160","8.15957","","","","",""
"MH_16","Beds in mental hospitals (per 100 000 population)","https://www.who.int/data/gho/indicator-metadata-registry/imr-details/2965","PUBLISHED","Published","","2016","2016","","EUR","Europe","","UZB","Uzbekistan","","24.613","24.61259","","","","",""
"MH_13","Beds for mental health in general hospitals (per 100 000 population)","https://www.who.int/data/gho/indicator-metadata-registry/imr-details/2962","PUBLISHED","Published","","2016","2016","","EUR","Europe","","UZB","Uzbekistan","","0.371","0.37125","","","","",""
"MH_13","Beds for mental health in general hospitals (per 100 000 population)","https://www.who.int/data/gho/indicator-metadata-registry/imr-details/2962","PUBLISHED","Published","","2016","2016","","WPR","Western Pacific","","VUT","Vanuatu","","1.512","1.51170","","","","",""
"MH_13","Beds for mental health in general hospitals (per 100 000 population)","https://www.who.int/data/gho/indicator-metadata-registry/imr-details/2962","PUBLISHED","Published","","2017","2017","","AMR","Americas","","VEN","Venezuela (Bolivarian Republic of)","","0.000","0.00000","","","","",""
"MH_16","Beds in mental hospitals (per 100 000 population)","https://www.who.int/data/gho/indicator-metadata-registry/imr-details/2965","PUBLISHED","Published","","2016","2016","","WPR","Western Pacific","","VNM","Viet Nam","","8.103","8.10289","","","","",""
"MH_13","Beds for mental health in general hospitals (per 100 000 population)","https://www.who.int/data/gho/indicator-metadata-registry/imr-details/2962","PUBLISHED","Published","","2016","2016","","WPR","Western Pacific","","VNM","Viet Nam","","0.192","0.19237","","","","",""
"MH_16","Beds in mental hospitals (per 100 000 population)","https://www.who.int/data/gho/indicator-metadata-registry/imr-details/2965","PUBLISHED","Published","","2016","2016","","EMR","Eastern Mediterranean","","YEM","Yemen","","3.801","3.80068","","","","",""
"MH_13","Beds for mental health in general hospitals (per 100 000 population)","https://www.who.int/data/gho/indicator-metadata-registry/imr-details/2962","PUBLISHED","Published","","2016","2016","","EMR","Eastern Mediterranean","","YEM","Yemen","","0.000","0.00000","","","","",""
"MH_16","Beds in mental hospitals (per 100 000 population)","https://www.who.int/data/gho/indicator-metadata-registry/imr-details/2965","PUBLISHED","Published","","2016","2016","","AFR","Africa","","ZMB","Zambia","","1.304","1.30430","","","","",""
"MH_13","Beds for mental health in general hospitals (per 100 000 population)","https://www.who.int/data/gho/indicator-metadata-registry/imr-details/2962","PUBLISHED","Published","","2016","2016","","AFR","Africa","","ZMB","Zambia","","1.863","1.86329","","","","",""
"MH_15","Beds in community residential facilities (per 100 000 population)","https://www.who.int/data/gho/indicator-metadata-registry/imr-details/2964","PUBLISHED","Published","","2016","2016","","AFR","Africa","","ZMB","Zambia","","0.279","0.27949","","","","",""
"MH_16","Beds in mental hospitals (per 100 000 population)","https://www.who.int/data/gho/indicator-metadata-registry/imr-details/2965","PUBLISHED","Published","","2016","2016","","AFR","Africa","","ZWE","Zimbabwe","","11.497","11.49742","","","","",""
"MH_13","Beds for mental health in general hospitals (per 100 000 population)","https://www.who.int/data/gho/indicator-metadata-registry/imr-details/2962","PUBLISHED","Published","","2016","2016","","AFR","Africa","","ZWE","Zimbabwe","","1.014","1.01411","","","","",""
"MH_15","Beds in community residential facilities (per 100 000 population)","https://www.who.int/data/gho/indicator-metadata-registry/imr-details/2964","PUBLISHED","Published","","2016","2016","","AFR","Africa","","ZWE","Zimbabwe","","0.513","0.51339","","","","",""
